﻿<?xml version="1.0" encoding="utf-8"?>
<sitecontent>
  <menu>
    <menu_item>
      <menu_item_title>Home</menu_item_title>
      <menu_item_path>home</menu_item_path>
      <menu_item_id>home</menu_item_id>
      <menu_item_articlename>Home</menu_item_articlename>
      <menu_item_articletype>article</menu_item_articletype>
      <menu_item_slug>home</menu_item_slug>
      <menu_item_status>1</menu_item_status>
    </menu_item>
    <menu_item>
      <menu_item_title>About Us</menu_item_title>
      <menu_item_path>about us</menu_item_path>
      <menu_item_id>About Us</menu_item_id>
      <menu_item_articlename>About Us</menu_item_articlename>
      <menu_item_articletype>article</menu_item_articletype>
      <menu_item_slug>about-us</menu_item_slug>
      <menu_item_status>1</menu_item_status>
    </menu_item>
    <menu_item>
      <menu_item_title>Services</menu_item_title>
      <menu_item_path>services</menu_item_path>
      <menu_item_id>Services</menu_item_id>
      <menu_item_articlename>Services</menu_item_articlename>
      <menu_item_articletype>article</menu_item_articletype>
      <menu_item_slug>services</menu_item_slug>
      <menu_item_status>1</menu_item_status>
    </menu_item>
    <menu_item>
      <menu_item_title>Contact</menu_item_title>
      <menu_item_path>contact</menu_item_path>
      <menu_item_id>Contact</menu_item_id>
      <menu_item_articlename>Contact</menu_item_articlename>
      <menu_item_articletype>article</menu_item_articletype>
      <menu_item_slug>contact</menu_item_slug>
      <menu_item_status>1</menu_item_status>
    </menu_item>
    <menu_item>
      <menu_item_title>Blog</menu_item_title>
      <menu_item_path>blog</menu_item_path>
      <menu_item_id>Blog</menu_item_id>
      <menu_item_articlename>Blog</menu_item_articlename>
      <menu_item_articletype>category</menu_item_articletype>
      <menu_item_slug>blog</menu_item_slug>
      <menu_item_status>1</menu_item_status>
    </menu_item>
  </menu>
  <pages>
    <content>
      <meta_ID>tt_page1</meta_ID>
      <page_title>Home</page_title>
      <alias>home</alias>
      <page_header_id>home</page_header_id>
      <state>1</state>
      <featured>1</featured>
      <created>07/26/2019 00:00:00</created>
      <created_by_alias>SuperUser</created_by_alias>
      <page_title_visibility>false</page_title_visibility>
      <introtext><![CDATA[<div class="ttr_home_html_row0 row" >
<div class="post_column col-xl-12 col-lg-12 col-md-12 col-sm-12 col-xs-12 col-12">
<div class="ttr_home_html_column00">
<div style="height:0px;width:0px;overflow:hidden;-webkit-margin-top-collapse: separate;"></div>
<div class="html_content"><p style="text-align:Center;line-height:20.88px;"><span style="font-weight:700;font-size:2.571em;color:rgba(255,165,0,1);">Welcome to Pets Care </span></p><p style="margin:10px 0px 0px 0px;text-align:Center;line-height:24.8px;"><span style="color:rgba(52,52,52,1);">Lorem ipsum dolor sit amet, test link adipiscing elit.Nullam dignissim convallis est.Quisque aliquam. Donec faucibus. Nunc iaculis suscipit dui.Nam sit amet sem. Aliquam libero nisi, imperdiet at, tincidunt nec, gravida vehicula, nisl.</span></p></div>
<div style="height:0px;width:0px;overflow:hidden;-webkit-margin-top-collapse: separate;"></div>
<div style="clear:both;width:0px;"></div>
</div>
</div>
<div class=" visible-lg-block d-xl-block d-lg-block visible-md-block d-md-block visible-sm-block d-sm-block visible-xs-block d-block" style="clear: both;width:0px;"></div>
<div class="post_column col-xl-3 col-lg-3 col-md-6 col-sm-12 col-xs-12 col-12">
<div class="ttr_home_html_column01">
<div style="height:0px;width:0px;overflow:hidden;-webkit-margin-top-collapse: separate;"></div>
<div class="html_content"><h2 style="margin:2px 0px 0px 0px;text-align:Center;line-height:20.88px;"><span class="ttr_image" style="float:none;display:block;text-align:center;overflow:hidden;margin:0px 0px 20px 0px;"><span><img class="ttr_uniform" style="max-height:64px;max-width:64px;" src="<?php echo $template_path; ?>/images/Icon-6.png" alt="grooming" /></span></span><span style="font-weight:700;font-size:0.667em;">Pet Grooming</span></h2><p style="margin:10px 0px 0px 0px;text-align:Center;line-height:26.48px;"><span style="color:rgba(52,52,52,1);">Lorem ipsum dolor sit amet, test link adipiscing elit.Nullam dignissim convallis est.Quisque aliquam. Donec faucibus. Nunc iaculis suscipit dui.Nam sit amet sem liquam libero nisi.</span></p></div>
<div style="height:0px;width:0px;overflow:hidden;-webkit-margin-top-collapse: separate;"></div>
<div style="clear:both;width:0px;"></div>
</div>
</div>
<div class=" visible-sm-block d-sm-block visible-xs-block d-block" style="clear: both;width:0px;"></div>
<div class="post_column col-xl-3 col-lg-3 col-md-6 col-sm-12 col-xs-12 col-12">
<div class="ttr_home_html_column02">
<div style="height:0px;width:0px;overflow:hidden;-webkit-margin-top-collapse: separate;"></div>
<div class="html_content"><p style="margin:2px 0px 0px 0px;text-align:Center;line-height:20.88px;"><span class="ttr_image" style="float:none;display:block;text-align:center;overflow:hidden;margin:0px 0px 20px 0px;"><span><img class="ttr_uniform" style="max-height:64px;max-width:64px;" src="<?php echo $template_path; ?>/images/Icon-3.png" alt="pet hotel" /></span></span><span style="font-weight:700;font-size:1.429em;">Pet Hotel</span></p><p style="margin:10px 0px 0px 0px;text-align:Center;line-height:26.48px;"><span style="color:rgba(52,52,52,1);">Lorem ipsum dolor sit amet, test link adipiscing elit.Nullam dignissim convallis est.Quisque aliquam. Donec faucibus. Nunc iaculis suscipit dui.Nam sit amet sem liquam libero nisi.</span></p></div>
<div style="height:0px;width:0px;overflow:hidden;-webkit-margin-top-collapse: separate;"></div>
<div style="clear:both;width:0px;"></div>
</div>
</div>
<div class=" visible-md-block d-md-block visible-sm-block d-sm-block visible-xs-block d-block" style="clear: both;width:0px;"></div>
<div class="post_column col-xl-3 col-lg-3 col-md-6 col-sm-12 col-xs-12 col-12">
<div class="ttr_home_html_column03">
<div style="height:0px;width:0px;overflow:hidden;-webkit-margin-top-collapse: separate;"></div>
<div class="html_content"><p style="margin:2px 0px 0px 0px;text-align:Center;line-height:20.88px;"><span class="ttr_image" style="float:none;display:block;text-align:center;overflow:hidden;margin:0px 0px 20px 0px;"><span><img class="ttr_uniform" style="max-height:64px;max-width:64px;" src="<?php echo $template_path; ?>/images/Icon-2.png" alt="pet" /></span></span><span style="font-weight:700;font-size:1.429em;">Vaccination</span></p><p style="margin:10px 0px 0px 0px;text-align:Center;line-height:26.48px;"><span style="color:rgba(52,52,52,1);">Lorem ipsum dolor sit amet, test link adipiscing elit.Nullam dignissim convallis est.Quisque aliquam. Donec faucibus. Nunc iaculis suscipit dui.Nam sit amet sem liquam libero nisi.</span></p></div>
<div style="height:0px;width:0px;overflow:hidden;-webkit-margin-top-collapse: separate;"></div>
<div style="clear:both;width:0px;"></div>
</div>
</div>
<div class=" visible-sm-block d-sm-block visible-xs-block d-block" style="clear: both;width:0px;"></div>
<div class="post_column col-xl-3 col-lg-3 col-md-6 col-sm-12 col-xs-12 col-12">
<div class="ttr_home_html_column04">
<div style="height:0px;width:0px;overflow:hidden;-webkit-margin-top-collapse: separate;"></div>
<div class="html_content"><p style="margin:2px 0px 0px 0px;text-align:Center;line-height:20.88px;"><span class="ttr_image" style="float:none;display:block;text-align:center;overflow:hidden;margin:0px 0px 20px 0px;"><span><img class="ttr_uniform" style="max-height:64px;max-width:64px;" src="<?php echo $template_path; ?>/images/Icon-4.png" alt="pet care" /></span></span><span style="font-weight:700;font-size:1.429em;">Pet Care</span></p><p style="margin:10px 0px 0px 0px;text-align:Center;line-height:26.48px;"><span style="color:rgba(52,52,52,1);">Lorem ipsum dolor sit amet, test link adipiscing elit.Nullam dignissim convallis est.Quisque aliquam. Donec faucibus. Nunc iaculis suscipit dui.Nam sit amet sem liquam libero nisi.</span></p></div>
<div style="height:0px;width:0px;overflow:hidden;-webkit-margin-top-collapse: separate;"></div>
<div style="clear:both;width:0px;"></div>
</div>
</div>
<div class=" visible-lg-block d-xl-block d-lg-block visible-md-block d-md-block visible-sm-block d-sm-block visible-xs-block d-block" style="clear: both;width:0px;"></div>
</div>
<div class="ttr_home_html_row1 row" >
<div class="post_column col-xl-12 col-lg-12 col-md-12 col-sm-12 col-xs-12 col-12">
<div class="ttr_home_html_column10">
<div style="height:0px;width:0px;overflow:hidden;-webkit-margin-top-collapse: separate;"></div>
<div class="html_content"><p style="margin:5px 0px 5px 0px;text-align:Center;line-height:20.88px;"><span style="font-weight:700;font-size:2.571em;color:rgba(255,165,0,1);">Our Services</span></p><p style="margin:10px 0px 0px 0px;text-align:Center;line-height:24.8px;"><span style="color:rgba(52,52,52,1);">Lorem ipsum dolor sit amet, test link adipiscing elit.Nullam dignissim convallis est.Quisque aliquam. </span></p></div>
<div style="height:0px;width:0px;overflow:hidden;-webkit-margin-top-collapse: separate;"></div>
<div style="clear:both;width:0px;"></div>
</div>
</div>
<div class=" visible-lg-block d-xl-block d-lg-block visible-md-block d-md-block visible-sm-block d-sm-block visible-xs-block d-block" style="clear: both;width:0px;"></div>
<div class="post_column col-xl-4 col-lg-4 col-md-6 col-sm-12 col-xs-12 col-12">
<div class="ttr_home_html_column11">
<div style="height:0px;width:0px;overflow:hidden;-webkit-margin-top-collapse: separate;"></div>
<div class="html_content"><h2 style="margin:2px 0px 0px 0px;line-height:20.88px;"><span class="ttr_image" style="float:Left;overflow:hidden;margin:0px 0px 20px 0px;"><span><img class="ttr_uniform" style="max-height:300px;max-width:450px;" src="<?php echo $template_path; ?>/images/Image-1.jpg" alt="Pet Barber Services" /></span></span><span style="font-weight:700;font-size:0.667em;">Pet Barber Services</span></h2><h2 style="margin:10px 0px 0px 0px;line-height:26.48px;">Lorem ipsum dolor sit amet, test link adipiscing elit.Nullam dignissim convallis est.Quisque aliquam. Donec faucibus. Nunc iaculis suscipit dui.Nam sit amet sem liquam libero nisi.</h2><h2 style="margin:10px 0px 0px 0px;line-height:26.48px;"><span><a href="<?php echo get_url('home');?>" target="_self" class="btn btn-md btn-default">Learn More</a></span></h2></div>
<div style="height:0px;width:0px;overflow:hidden;-webkit-margin-top-collapse: separate;"></div>
<div style="clear:both;width:0px;"></div>
</div>
</div>
<div class=" visible-sm-block d-sm-block visible-xs-block d-block" style="clear: both;width:0px;"></div>
<div class="post_column col-xl-4 col-lg-4 col-md-6 col-sm-12 col-xs-12 col-12">
<div class="ttr_home_html_column12">
<div style="height:0px;width:0px;overflow:hidden;-webkit-margin-top-collapse: separate;"></div>
<div class="html_content"><p style="margin:2px 0px 0px 0px;line-height:20.88px;"><span class="ttr_image" style="float:Left;overflow:hidden;margin:0px 0px 20px 0px;"><span><img class="ttr_uniform" style="max-height:300px;max-width:450px;" src="<?php echo $template_path; ?>/images/Image-2.jpg" alt="Pet Barber Services" /></span></span><span style="font-weight:700;font-size:1.429em;">Pet Analysist</span></p><p style="margin:10px 0px 0px 0px;line-height:26.48px;">Lorem ipsum dolor sit amet, test link adipiscing elit.Nullam dignissim convallis est.Quisque aliquam. Donec faucibus. Nunc iaculis suscipit dui.Nam sit amet sem liquam libero nisi.</p><p style="margin:10px 0px 0px 0px;line-height:26.48px;"><span><a href="<?php echo get_url('home');?>" target="_self" class="btn btn-md btn-default">Learn More</a></span></p></div>
<div style="height:0px;width:0px;overflow:hidden;-webkit-margin-top-collapse: separate;"></div>
<div style="clear:both;width:0px;"></div>
</div>
</div>
<div class=" visible-md-block d-md-block visible-sm-block d-sm-block visible-xs-block d-block" style="clear: both;width:0px;"></div>
<div class="post_column col-xl-4 col-lg-4 col-md-6 col-sm-12 col-xs-12 col-12">
<div class="ttr_home_html_column13">
<div style="height:0px;width:0px;overflow:hidden;-webkit-margin-top-collapse: separate;"></div>
<div class="html_content"><p style="margin:2px 0px 0px 0px;line-height:20.88px;"><span class="ttr_image" style="float:Left;overflow:hidden;margin:0px 0px 20px 0px;"><span><img class="ttr_uniform" style="max-height:300px;max-width:450px;" src="<?php echo $template_path; ?>/images/Image-3.jpg" alt="Pet Analysist" /></span></span><span style="font-weight:700;font-size:1.429em;">Vaccination Supply</span></p><p style="margin:10px 0px 0px 0px;line-height:26.48px;">Lorem ipsum dolor sit amet, test link adipiscing elit.Nullam dignissim convallis est.Quisque aliquam. Donec faucibus. Nunc iaculis suscipit dui.Nam sit amet sem liquam libero nisi.</p><p style="margin:10px 0px 0px 0px;line-height:26.48px;"><span><a href="<?php echo get_url('home');?>" target="_self" class="btn btn-md btn-default">Learn More</a></span></p></div>
<div style="height:0px;width:0px;overflow:hidden;-webkit-margin-top-collapse: separate;"></div>
<div style="clear:both;width:0px;"></div>
</div>
</div>
<div class=" visible-lg-block d-xl-block d-lg-block visible-sm-block d-sm-block visible-xs-block d-block" style="clear: both;width:0px;"></div>
</div>
<div class="ttr_home_html_row2 row" >
<div class="post_column col-xl-6 col-lg-6 col-md-12 col-sm-12 col-xs-12 col-12">
<div class="ttr_home_html_column20">
<div style="height:0px;width:0px;overflow:hidden;-webkit-margin-top-collapse: separate;"></div>
<div class="html_content"><h2 style="margin:2px 0px 0px 0px;line-height:22px;"><span style="font-weight:700;font-size:1.067em;">A life for the abonded pets is our mission</span></h2><p style="margin:20px 0px 0px 0px;line-height:29.4px;"><span style="font-size:1.143em;color:rgba(52,52,52,1);">Lorem ipsum dolor sit amet, test link adipiscing elit.Nullam dignissim convallis est.Quisque aliquam. Donec faucibus. Nunc iaculis suscipit dui.Nam sit amet sem. Aliquam libero nisi, imperdiet at, tincidunt nec, gravida vehicula, nisl.Praesent mattis, massa quis luctus fermentum, turpis mi volutpat justo, eu volutpat enim diam eget metus.Maecenas ornare tortor. Praesent mattis, massa quis luctus fermentum, turpis mi volutpat justo, eu volutpat enim diam eget metus.Maecenas ornare tortor</span></p></div>
<div style="height:0px;width:0px;overflow:hidden;-webkit-margin-top-collapse: separate;"></div>
<div style="clear:both;width:0px;"></div>
</div>
</div>
<div class=" visible-md-block d-md-block visible-sm-block d-sm-block visible-xs-block d-block" style="clear: both;width:0px;"></div>
<div class="post_column col-xl-3 col-lg-3 col-md-6 col-sm-12 col-xs-12 col-12">
<div class="ttr_home_html_column21">
<div style="height:0px;width:0px;overflow:hidden;-webkit-margin-top-collapse: separate;"></div>
<div class="html_content"><h2 style="margin:2px 0px 0px 0px;text-align:Center;line-height:24.8px;"><span class="ttr_image" style="float:none;display:block;text-align:center;overflow:hidden;margin:0px 0px 20px 0px;"><span><img class="ttr_uniform" style="max-height:95px;max-width:96px;" src="<?php echo $template_path; ?>/images/Icon-101.png" alt="pets" /></span></span><span style="font-weight:700;font-size:0.6em;">Styling</span></h2><h2 style="margin:10px 0px 0px 0px;text-align:Center;line-height:24.8px;"><span style="color:rgba(52,52,52,1);">Lorem ipsum dolor sit amet, test link adipiscing elit.Nullam dignissim convallis est.Quisque aliquam. Donec faucibus. Nunc iaculis suscipit dui.Nam sit amet sem.</span></h2></div>
<div style="height:0px;width:0px;overflow:hidden;-webkit-margin-top-collapse: separate;"></div>
<div style="clear:both;width:0px;"></div>
</div>
</div>
<div class=" visible-sm-block d-sm-block visible-xs-block d-block" style="clear: both;width:0px;"></div>
<div class="post_column col-xl-3 col-lg-3 col-md-6 col-sm-12 col-xs-12 col-12">
<div class="ttr_home_html_column22">
<div style="height:0px;width:0px;overflow:hidden;-webkit-margin-top-collapse: separate;"></div>
<div class="html_content"><p style="margin:2px 0px 0px 0px;text-align:Center;line-height:24.8px;"><span class="ttr_image" style="float:none;display:block;text-align:center;overflow:hidden;margin:0px 0px 20px 0px;"><span><img class="ttr_uniform" style="max-height:88px;max-width:96px;" src="<?php echo $template_path; ?>/images/Icon-11.png" alt="medical bath" /></span></span><span style="font-weight:700;font-size:1.286em;">Medical Bath</span></p><p style="margin:10px 0px 0px 0px;text-align:Center;line-height:24.8px;"><span style="color:rgba(52,52,52,1);">Lorem ipsum dolor sit amet, test link adipiscing elit.Nullam dignissim convallis est.Quisque aliquam. Donec faucibus. Nunc iaculis suscipit dui.Nam sit amet sem.</span></p></div>
<div style="height:0px;width:0px;overflow:hidden;-webkit-margin-top-collapse: separate;"></div>
<div style="clear:both;width:0px;"></div>
</div>
</div>
<div class=" visible-lg-block d-xl-block d-lg-block visible-md-block d-md-block visible-sm-block d-sm-block visible-xs-block d-block" style="clear: both;width:0px;"></div>
</div>
<div class="ttr_home_html_row3 row" >
<div class="post_column col-xl-12 col-lg-12 col-md-12 col-sm-12 col-xs-12 col-12">
<div class="ttr_home_html_column30">
<div style="height:0px;width:0px;overflow:hidden;-webkit-margin-top-collapse: separate;"></div>
<div class="html_content"><h2 style="margin:2px 0px 0px 0px;text-align:Center;line-height:22px;"><span style="font-weight:700;font-size:1.2em;color:rgba(247,148,29,1);">Free training to handle pets</span></h2><p style="margin:20px 0px 0px 0px;text-align:Center;line-height:26.2px;"><span style="color:rgba(243,243,243,1);">Lorem ipsum dolor sit amet, test link adipiscing elit.Nullam dignissim convallis est.Quisque aliquam. Donec faucibus. Nunc iaculis suscipit dui.Nam sit amet sem. Aliquam libero nisi, imperdiet at, tincidunt nec, gravida vehicula, nisl.Praesent mattis, massa quis luctus fermentum, turpis mi volutpat justo, eu volutpat enim diam eget metus.Maecenas ornare tortor.</span></p><p style="margin:20px 0px 0px 0px;text-align:Center;line-height:26.2px;"><span><a href="<?php echo get_url('contact');?>" target="_self" class="btn btn-md btn-default">Contact Us</a></span></p></div>
<div style="height:0px;width:0px;overflow:hidden;-webkit-margin-top-collapse: separate;"></div>
<div style="clear:both;width:0px;"></div>
</div>
</div>
<div class=" visible-lg-block d-xl-block d-lg-block visible-md-block d-md-block visible-sm-block d-sm-block visible-xs-block d-block" style="clear: both;width:0px;"></div>
</div>
<div class="ttr_home_html_row4 row" >
<div class="post_column col-xl-12 col-lg-12 col-md-12 col-sm-12 col-xs-12 col-12">
<div class="ttr_home_html_column40">
<div style="height:0px;width:0px;overflow:hidden;-webkit-margin-top-collapse: separate;"></div>
<div class="html_content"><p style="margin:5px 0px 5px 0px;text-align:Center;line-height:20.88px;"><span style="font-weight:700;font-size:2.571em;color:rgba(255,165,0,1);">Our Packages</span></p><p style="margin:10px 0px 0px 0px;text-align:Center;line-height:24.8px;"><span style="color:rgba(52,52,52,1);">Lorem ipsum dolor sit amet, test link adipiscing elit.Nullam dignissim convallis est.Quisque aliquam. </span></p></div>
<div style="height:0px;width:0px;overflow:hidden;-webkit-margin-top-collapse: separate;"></div>
<div style="clear:both;width:0px;"></div>
</div>
</div>
<div class=" visible-lg-block d-xl-block d-lg-block visible-md-block d-md-block visible-sm-block d-sm-block visible-xs-block d-block" style="clear: both;width:0px;"></div>
</div>
<div class="ttr_home_html_row5 row" >
<div class="post_column col-xl-4 col-lg-4 col-md-4 col-sm-12 col-xs-12 col-12">
<div class="ttr_home_html_column50">
<div style="height:0px;width:0px;overflow:hidden;-webkit-margin-top-collapse: separate;"></div>
<div class="html_content"><p style="text-align:Center;line-height:22px;"><span class="ttr_image" style="float:none;display:block;text-align:center;overflow:hidden;margin:0px 0px 20px 0px;"><span><img class="ttr_uniform" style="max-height:100px;max-width:100px;" src="<?php echo $template_path; ?>/images/Image-5.png" alt="pets" /></span></span><span style="font-weight:700;font-size:1.429em;">Deluxe Bath &amp; Groom</span></p><p style="margin:10px 0px 0px 0px;text-align:Center;line-height:26.2px;"><span style="color:rgba(52,52,52,1);">Lorem ipsum dolor sit amet, test link adipiscing elit.Nullam dignissim convallis est.Quisque aliquam. Donec faucibus. Nunc iaculis suscipit dui.Nam sit amet sem. </span></p><p style="margin:10px 0px 20px 0px;text-align:Center;line-height:26.2px;"><span style="font-style:italic;font-weight:600;font-size:1.286em;color:rgba(52,52,52,1);">From $45</span></p><p style="margin:10px 0px 0px 0px;text-align:Center;line-height:26.2px;"><span><a href="<?php echo get_url('home');?>" target="_self" class="btn btn-lg btn-primary">Contact Us</a></span></p></div>
<div style="height:0px;width:0px;overflow:hidden;-webkit-margin-top-collapse: separate;"></div>
<div style="clear:both;width:0px;"></div>
</div>
</div>
<div class=" visible-sm-block d-sm-block visible-xs-block d-block" style="clear: both;width:0px;"></div>
<div class="post_column col-xl-4 col-lg-4 col-md-4 col-sm-12 col-xs-12 col-12">
<div class="ttr_home_html_column51">
<div style="height:0px;width:0px;overflow:hidden;-webkit-margin-top-collapse: separate;"></div>
<div class="html_content"><p style="margin:5px 0px 5px 0px;text-align:Center;line-height:22px;"><span class="ttr_image" style="float:none;display:block;text-align:center;overflow:hidden;margin:0px 0px 20px 0px;"><span><img class="ttr_uniform" style="max-height:100px;max-width:100px;" src="<?php echo $template_path; ?>/images/Image-6.png" alt="pets" /></span></span><span style="font-weight:700;font-size:1.429em;">Deluxe Bath &amp; Groom</span></p><p style="margin:10px 0px 0px 0px;text-align:Center;line-height:26.2px;"><span style="color:rgba(52,52,52,1);">Lorem ipsum dolor sit amet, test link adipiscing elit.Nullam dignissim convallis est.Quisque aliquam. Donec faucibus. Nunc iaculis suscipit dui.Nam sit amet sem.</span></p><p style="margin:10px 0px 20px 0px;text-align:Center;"><span style="font-style:italic;font-weight:600;font-size:1.286em;color:rgba(52,52,52,1);">From $65</span></p><p style="margin:10px 0px 5px 0px;text-align:Center;"><span><a href="<?php echo get_url('home');?>" target="_self" class="btn btn-lg btn-primary">Contact Us</a></span></p></div>
<div style="height:0px;width:0px;overflow:hidden;-webkit-margin-top-collapse: separate;"></div>
<div style="clear:both;width:0px;"></div>
</div>
</div>
<div class=" visible-sm-block d-sm-block visible-xs-block d-block" style="clear: both;width:0px;"></div>
<div class="post_column col-xl-4 col-lg-4 col-md-4 col-sm-12 col-xs-12 col-12">
<div class="ttr_home_html_column52">
<div style="height:0px;width:0px;overflow:hidden;-webkit-margin-top-collapse: separate;"></div>
<div class="html_content"><p style="margin:5px 0px 5px 0px;text-align:Center;line-height:22px;"><span class="ttr_image" style="float:none;display:block;text-align:center;overflow:hidden;margin:0px 0px 20px 0px;"><span><img class="ttr_uniform" style="max-height:100px;max-width:100px;" src="<?php echo $template_path; ?>/images/Image-7.png" alt="pets" /></span></span><span style="font-weight:700;font-size:1.429em;">Deluxe Bath &amp; Groom</span></p><p style="margin:10px 0px 0px 0px;text-align:Center;line-height:26.2px;"><span style="color:rgba(52,52,52,1);">Lorem ipsum dolor sit amet, test link adipiscing elit.Nullam dignissim convallis est.Quisque aliquam. Donec faucibus. Nunc iaculis suscipit dui.Nam sit amet sem. </span></p><p style="margin:10px 0px 20px 0px;text-align:Center;"><span style="font-style:italic;font-weight:600;font-size:1.286em;color:rgba(52,52,52,1);">From $75</span></p><p style="margin:10px 0px 5px 0px;text-align:Center;"><span><a href="<?php echo get_url('home');?>" target="_self" class="btn btn-lg btn-primary">Contact Us</a></span></p></div>
<div style="height:0px;width:0px;overflow:hidden;-webkit-margin-top-collapse: separate;"></div>
<div style="clear:both;width:0px;"></div>
</div>
</div>
<div class=" visible-lg-block d-xl-block d-lg-block visible-md-block d-md-block visible-sm-block d-sm-block visible-xs-block d-block" style="clear: both;width:0px;"></div>
</div>
]]></introtext>
    </content>
    <content>
      <meta_ID>tt_page2</meta_ID>
      <page_title>About Us</page_title>
      <alias>about-us</alias>
      <page_header_id>about us</page_header_id>
      <state>1</state>
      <featured>1</featured>
      <created>07/26/2019 00:00:00</created>
      <created_by_alias>SuperUser</created_by_alias>
      <page_title_visibility>false</page_title_visibility>
      <introtext><![CDATA[<div class="ttr_about-us_html_row0 row" >
<div class="post_column col-xl-12 col-lg-12 col-md-12 col-sm-12 col-xs-12 col-12">
<div class="ttr_about-us_html_column00">
<div style="height:0px;width:0px;overflow:hidden;-webkit-margin-top-collapse: separate;"></div>
<div class="html_content"><p style="margin:5px 0px 5px 0px;text-align:Center;line-height:20.88px;"><span style="font-weight:700;font-size:2.571em;color:rgba(255,165,0,1);">About Us</span></p><p style="margin:10px 0px 0px 0px;text-align:Center;line-height:24.8px;"><span style="color:rgba(52,52,52,1);">Lorem ipsum dolor sit amet, test link adipiscing elit. Nullam dignissim convallis est.Quisque aliquam. Donec faucibus. Nunc iaculis suscipit dui.Nam sit amet sem. Aliquam libero nisi, imperdiet at, tincidunt nec, gravida vehicula, nisl.</span></p></div>
<div style="height:0px;width:0px;overflow:hidden;-webkit-margin-top-collapse: separate;"></div>
<div style="clear:both;width:0px;"></div>
</div>
</div>
<div class=" visible-lg-block d-xl-block d-lg-block visible-md-block d-md-block visible-sm-block d-sm-block visible-xs-block d-block" style="clear: both;width:0px;"></div>
<div class="post_column col-xl-6 col-lg-6 col-md-12 col-sm-12 col-xs-12 col-12">
<div class="ttr_about-us_html_column01">
<div style="height:0px;width:0px;overflow:hidden;-webkit-margin-top-collapse: separate;"></div>
<div class="html_content"><p><span class="ttr_image" style="float:Left;overflow:hidden;margin:0px 0px 0px 0px;"><span><img class="ttr_uniform" style="max-height:501px;max-width:800px;" src="<?php echo $template_path; ?>/images/Image-8.jpg" alt="about" /></span></span></p></div>
<div style="height:0px;width:0px;overflow:hidden;-webkit-margin-top-collapse: separate;"></div>
<div style="clear:both;width:0px;"></div>
</div>
</div>
<div class=" visible-md-block d-md-block visible-sm-block d-sm-block visible-xs-block d-block" style="clear: both;width:0px;"></div>
<div class="post_column col-xl-6 col-lg-6 col-md-12 col-sm-12 col-xs-12 col-12">
<div class="ttr_about-us_html_column02">
<div style="height:0px;width:0px;overflow:hidden;-webkit-margin-top-collapse: separate;"></div>
<div class="html_content"><p><span style="font-weight:700;font-size:2.571em;color:rgba(52,52,52,1);">Welcome to Pets Care</span></p><p style="margin:20px 0px 5px 0px;line-height:26.2px;"><span style="font-weight:600;font-size:1.143em;color:rgba(78,78,78,1);">We are pets clinic dolor sit amet, consectetur adipiscing elit, sed do eiusmod tempor incididunt ut labore et dolore magna aliqua.</span></p><p style="margin:20px 0px 5px 0px;line-height:27.6px;"><span style="color:rgba(52,52,52,1);">Quisque ut dolor gravida, placerat libero vel, euismod. Ut enim ad minim veniam, quis nostrud exercitation. Quam temere in vitiis, legem sancimus haerentia. Pellentesque habitant morbi tristique senectus et netus. Nulla facilisi. Donec vel feugiat urna, vel sagittis enim. Quisque eros odio, cursus id libero ac, ornare viverra quam. Vestibulum diam diam, varius id tortor vitae, gravida congue risus. </span></p><p style="margin:20px 0px 5px 0px;line-height:27.6px;"><span><a href="http://templatetoaster.com" target="_self" class="btn btn-md btn-default">LEARN MORE</a></span></p></div>
<div style="height:0px;width:0px;overflow:hidden;-webkit-margin-top-collapse: separate;"></div>
<div style="clear:both;width:0px;"></div>
</div>
</div>
<div class=" visible-lg-block d-xl-block d-lg-block visible-md-block d-md-block visible-sm-block d-sm-block visible-xs-block d-block" style="clear: both;width:0px;"></div>
</div>
<div class="ttr_about-us_html_row1 row" >
<div class="post_column col-xl-3 col-lg-3 col-md-6 col-sm-12 col-xs-12 col-12">
<div class="ttr_about-us_html_column10">
<div style="height:0px;width:0px;overflow:hidden;-webkit-margin-top-collapse: separate;"></div>
<div class="html_content"><p style="margin:2px 0px 0px 0px;text-align:Center;line-height:20.88px;"><span class="ttr_image" style="float:none;display:block;text-align:center;overflow:hidden;margin:0px 0px 20px 0px;"><span><img class="ttr_uniform" style="max-height:64px;max-width:64px;" src="<?php echo $template_path; ?>/images/Icon-61.png" alt="pet" /></span></span><span style="font-weight:700;font-size:1.429em;">Pet Grooming</span></p><p style="margin:10px 0px 0px 0px;text-align:Center;line-height:26.48px;"><span style="color:rgba(52,52,52,1);">Lorem ipsum dolor sit amet, test link adipiscing elit.Nullam dignissim convallis est.Quisque aliquam. Donec faucibus. Nunc iaculis suscipit dui.Nam sit amet sem liquam libero nisi.</span></p></div>
<div style="height:0px;width:0px;overflow:hidden;-webkit-margin-top-collapse: separate;"></div>
<div style="clear:both;width:0px;"></div>
</div>
</div>
<div class=" visible-sm-block d-sm-block visible-xs-block d-block" style="clear: both;width:0px;"></div>
<div class="post_column col-xl-3 col-lg-3 col-md-6 col-sm-12 col-xs-12 col-12">
<div class="ttr_about-us_html_column11">
<div style="height:0px;width:0px;overflow:hidden;-webkit-margin-top-collapse: separate;"></div>
<div class="html_content"><p style="margin:2px 0px 0px 0px;text-align:Center;line-height:20.88px;"><span class="ttr_image" style="float:none;display:block;text-align:center;overflow:hidden;margin:0px 0px 20px 0px;"><span><img class="ttr_uniform" style="max-height:64px;max-width:64px;" src="<?php echo $template_path; ?>/images/Icon-31.png" alt="pet hotel" /></span></span><span style="font-weight:700;font-size:1.429em;">Pet Hotel</span></p><p style="margin:10px 0px 0px 0px;text-align:Center;line-height:26.48px;"><span style="color:rgba(52,52,52,1);">Lorem ipsum dolor sit amet, test link adipiscing elit.Nullam dignissim convallis est.Quisque aliquam. Donec faucibus. Nunc iaculis suscipit dui.Nam sit amet sem liquam libero nisi.</span></p></div>
<div style="height:0px;width:0px;overflow:hidden;-webkit-margin-top-collapse: separate;"></div>
<div style="clear:both;width:0px;"></div>
</div>
</div>
<div class=" visible-md-block d-md-block visible-sm-block d-sm-block visible-xs-block d-block" style="clear: both;width:0px;"></div>
<div class="post_column col-xl-3 col-lg-3 col-md-6 col-sm-12 col-xs-12 col-12">
<div class="ttr_about-us_html_column12">
<div style="height:0px;width:0px;overflow:hidden;-webkit-margin-top-collapse: separate;"></div>
<div class="html_content"><p style="margin:2px 0px 0px 0px;text-align:Center;line-height:20.88px;"><span class="ttr_image" style="float:none;display:block;text-align:center;overflow:hidden;margin:0px 0px 20px 0px;"><span><img class="ttr_uniform" style="max-height:64px;max-width:64px;" src="<?php echo $template_path; ?>/images/Icon-21.png" alt="pet" /></span></span><span style="font-weight:700;font-size:1.429em;">Vaccination</span></p><p style="margin:10px 0px 0px 0px;text-align:Center;line-height:26.48px;"><span style="color:rgba(52,52,52,1);">Lorem ipsum dolor sit amet, test link adipiscing elit.Nullam dignissim convallis est.Quisque aliquam. Donec faucibus. Nunc iaculis suscipit dui.Nam sit amet sem liquam libero nisi.</span></p></div>
<div style="height:0px;width:0px;overflow:hidden;-webkit-margin-top-collapse: separate;"></div>
<div style="clear:both;width:0px;"></div>
</div>
</div>
<div class=" visible-sm-block d-sm-block visible-xs-block d-block" style="clear: both;width:0px;"></div>
<div class="post_column col-xl-3 col-lg-3 col-md-6 col-sm-12 col-xs-12 col-12">
<div class="ttr_about-us_html_column13">
<div style="height:0px;width:0px;overflow:hidden;-webkit-margin-top-collapse: separate;"></div>
<div class="html_content"><p style="margin:2px 0px 0px 0px;text-align:Center;line-height:20.88px;"><span class="ttr_image" style="float:none;display:block;text-align:center;overflow:hidden;margin:0px 0px 20px 0px;"><span><img class="ttr_uniform" style="max-height:64px;max-width:64px;" src="<?php echo $template_path; ?>/images/Icon-41.png" alt="pet care" /></span></span><span style="font-weight:700;font-size:1.429em;">Pet Care</span></p><p style="margin:10px 0px 0px 0px;text-align:Center;line-height:26.48px;"><span style="color:rgba(52,52,52,1);">Lorem ipsum dolor sit amet, test link adipiscing elit.Nullam dignissim convallis est.Quisque aliquam. Donec faucibus. Nunc iaculis suscipit dui.Nam sit amet sem liquam libero nisi.</span></p></div>
<div style="height:0px;width:0px;overflow:hidden;-webkit-margin-top-collapse: separate;"></div>
<div style="clear:both;width:0px;"></div>
</div>
</div>
<div class=" visible-lg-block d-xl-block d-lg-block visible-md-block d-md-block visible-sm-block d-sm-block visible-xs-block d-block" style="clear: both;width:0px;"></div>
</div>
]]></introtext>
    </content>
    <content>
      <meta_ID>tt_page3</meta_ID>
      <page_title>Contact</page_title>
      <alias>contact</alias>
      <page_header_id>contact</page_header_id>
      <state>1</state>
      <featured>1</featured>
      <created>07/26/2019 00:00:00</created>
      <created_by_alias>SuperUser</created_by_alias>
      <page_title_visibility>false</page_title_visibility>
      <introtext><![CDATA[<div class="ttr_contact_html_row0 row" >
<div class="post_column col-xl-12 col-lg-12 col-md-12 col-sm-12 col-xs-12 col-12">
<div class="ttr_contact_html_column00">
<div style="height:0px;width:0px;overflow:hidden;-webkit-margin-top-collapse: separate;"></div>
<div class="html_content"><p style="margin:5px 0px 5px 0px;text-align:Center;line-height:20.88px;"><span style="font-weight:700;font-size:2.571em;color:rgba(255,165,0,1);">Contact Us</span></p><p style="margin:10px 0px 0px 0px;text-align:Center;line-height:24.8px;"><span style="color:rgba(52,52,52,1);">Lorem ipsum dolor sit amet, test link adipiscing elit.Nullam dignissim convallis est.Quisque aliquam. Donec faucibus. Nunc iaculis suscipit dui.Nam sit amet sem. Aliquam libero nisi, imperdiet at, tincidunt nec, gravida vehicula, nisl.</span></p></div>
<div style="height:0px;width:0px;overflow:hidden;-webkit-margin-top-collapse: separate;"></div>
<div style="clear:both;width:0px;"></div>
</div>
</div>
<div class=" visible-lg-block d-xl-block d-lg-block visible-md-block d-md-block visible-sm-block d-sm-block visible-xs-block d-block" style="clear: both;width:0px;"></div>
<div class="post_column col-xl-5 col-lg-5 col-md-6 col-sm-12 col-xs-12 col-12">
<div class="ttr_contact_html_column01">
<div style="height:0px;width:0px;overflow:hidden;-webkit-margin-top-collapse: separate;"></div>
<div class="html_content"><p style="margin:2px 0px 0px 0px;"><span style="font-weight:700;font-size:1.714em;">Address:</span></p><p style="margin:20px 0px 0px 0px;line-height:26.2px;"><span style="font-size:1em;">123 ABC Ave Street View #456 XYZ</span></p><p style="margin:2px 0px 0px 0px;line-height:26.2px;"><span style="font-size:1em;">New York City,</span></p><p style="margin:2px 0px 0px 0px;line-height:26.2px;"><span style="font-size:1em;">NY 100005, USA</span></p><p style="margin:2px 0px 0px 0px;line-height:26.2px;"><span style="font-weight:700;font-size:1em;">PHONES:</span><span style="font-size:1em;"> (800) 123-4567-890; (800) 123-0046-7890</span></p><p style="margin:2px 0px 0px 0px;line-height:26.2px;"><span style="font-weight:700;font-size:1em;">WE ARE OPEN:</span><span style="font-size:1em;"> Mon-Fri: 10 am - 8 pm</span></p></div>
<div style="height:0px;width:0px;overflow:hidden;-webkit-margin-top-collapse: separate;"></div>
<div style="clear:both;width:0px;"></div>
</div>
</div>
<div class=" visible-sm-block d-sm-block visible-xs-block d-block" style="clear: both;width:0px;"></div>
<div class="post_column col-xl-7 col-lg-7 col-md-6 col-sm-12 col-xs-12 col-12">
<div class="ttr_contact_html_column02">
<div style="height:0px;width:0px;overflow:hidden;-webkit-margin-top-collapse: separate;"></div>
<div class="html_content"><p style="margin:5px 0px 20px 0px;"><span style="font-weight:700;font-size:1.714em;">Let's Get in Touch </span></p><p><form /></p></div>
<div style="height:0px;width:0px;overflow:hidden;-webkit-margin-top-collapse: separate;"></div>
<div style="clear:both;width:0px;"></div>
</div>
</div>
<div class=" visible-lg-block d-xl-block d-lg-block visible-md-block d-md-block visible-sm-block d-sm-block visible-xs-block d-block" style="clear: both;width:0px;"></div>
</div>
]]></introtext>
    </content>
    <content>
      <meta_ID>tt_page4</meta_ID>
      <page_title>Services</page_title>
      <alias>services</alias>
      <page_header_id>Services</page_header_id>
      <state>1</state>
      <featured>1</featured>
      <created>07/26/2019 00:00:00</created>
      <created_by_alias>SuperUser</created_by_alias>
      <page_title_visibility>false</page_title_visibility>
      <introtext><![CDATA[<div class="ttr_services_html_row0 row" >
<div class="post_column col-xl-12 col-lg-12 col-md-12 col-sm-12 col-xs-12 col-12">
<div class="ttr_services_html_column00">
<div style="height:0px;width:0px;overflow:hidden;-webkit-margin-top-collapse: separate;"></div>
<div class="html_content"><p style="margin:5px 0px 5px 0px;text-align:Center;line-height:20.88px;"><span style="font-weight:700;font-size:2.571em;color:rgba(255,165,0,1);">Services</span></p><p style="margin:10px 0px 0px 0px;text-align:Center;line-height:24.8px;"><span style="color:rgba(52,52,52,1);">Lorem ipsum dolor sit amet, test link adipiscing elit.Nullam dignissim convallis est.Quisque aliquam. Donec faucibus. Nunc iaculis suscipit dui.Nam sit amet sem. Aliquam libero nisi, imperdiet at, tincidunt nec, gravida vehicula, nisl.</span></p></div>
<div style="height:0px;width:0px;overflow:hidden;-webkit-margin-top-collapse: separate;"></div>
<div style="clear:both;width:0px;"></div>
</div>
</div>
<div class=" visible-lg-block d-xl-block d-lg-block visible-md-block d-md-block visible-sm-block d-sm-block visible-xs-block d-block" style="clear: both;width:0px;"></div>
<div class="post_column col-xl-4 col-lg-4 col-md-6 col-sm-12 col-xs-12 col-12">
<div class="ttr_services_html_column01">
<div style="height:0px;width:0px;overflow:hidden;-webkit-margin-top-collapse: separate;"></div>
<div class="html_content"><p style="margin:2px 0px 0px 0px;line-height:20.88px;"><span class="ttr_image" style="float:Left;overflow:hidden;margin:0px 0px 20px 0px;"><span><img class="ttr_uniform" style="max-height:300px;max-width:450px;" src="<?php echo $template_path; ?>/images/Image-11.jpg" alt="pet barber" /></span></span><span style="font-weight:700;font-size:1.429em;">Pet Barber Services</span></p><p style="margin:10px 0px 0px 0px;line-height:26.48px;">Lorem ipsum dolor sit amet, test link adipiscing elit. Nullam dignissim convallis est.Quisque aliquam. Donec faucibus. Nunc iaculis suscipit dui.Nam sit amet sem liquam libero nisi.</p><p style="margin:10px 0px 0px 0px;line-height:26.48px;"><span><a href="http://templatetoaster.com" target="_self" class="btn btn-md btn-default">LEARN MORE</a></span></p></div>
<div style="height:0px;width:0px;overflow:hidden;-webkit-margin-top-collapse: separate;"></div>
<div style="clear:both;width:0px;"></div>
</div>
</div>
<div class=" visible-sm-block d-sm-block visible-xs-block d-block" style="clear: both;width:0px;"></div>
<div class="post_column col-xl-4 col-lg-4 col-md-6 col-sm-12 col-xs-12 col-12">
<div class="ttr_services_html_column02">
<div style="height:0px;width:0px;overflow:hidden;-webkit-margin-top-collapse: separate;"></div>
<div class="html_content"><p style="margin:2px 0px 0px 0px;line-height:20.88px;"><span class="ttr_image" style="float:Left;overflow:hidden;margin:0px 0px 20px 0px;"><span><img class="ttr_uniform" style="max-height:300px;max-width:450px;" src="<?php echo $template_path; ?>/images/Image-21.jpg" alt="pet" /></span></span><span style="font-weight:700;font-size:1.429em;">Pet Analysist</span></p><p style="margin:10px 0px 0px 0px;line-height:26.48px;">Lorem ipsum dolor sit amet, test link adipiscing elit.Nullam dignissim convallis est.Quisque aliquam. Donec faucibus. Nunc iaculis suscipit dui.Nam sit amet sem liquam libero nisi.</p><p style="margin:10px 0px 0px 0px;line-height:26.48px;"><span><a href="http://templatetoaster.com" target="_self" class="btn btn-md btn-default">LEARN MORE</a></span></p></div>
<div style="height:0px;width:0px;overflow:hidden;-webkit-margin-top-collapse: separate;"></div>
<div style="clear:both;width:0px;"></div>
</div>
</div>
<div class=" visible-md-block d-md-block visible-sm-block d-sm-block visible-xs-block d-block" style="clear: both;width:0px;"></div>
<div class="post_column col-xl-4 col-lg-4 col-md-6 col-sm-12 col-xs-12 col-12">
<div class="ttr_services_html_column03">
<div style="height:0px;width:0px;overflow:hidden;-webkit-margin-top-collapse: separate;"></div>
<div class="html_content"><p style="margin:2px 0px 0px 0px;line-height:20.88px;"><span class="ttr_image" style="float:Left;overflow:hidden;margin:0px 0px 20px 0px;"><span><img class="ttr_uniform" style="max-height:300px;max-width:450px;" src="<?php echo $template_path; ?>/images/Image-31.jpg" alt="pet care" /></span></span><span style="font-weight:700;font-size:1.429em;">Vaccination Supply</span></p><p style="margin:10px 0px 0px 0px;line-height:26.48px;">Lorem ipsum dolor sit amet, test link adipiscing elit.Nullam dignissim convallis est.Quisque aliquam. Donec faucibus. Nunc iaculis suscipit dui.Nam sit amet sem liquam libero nisi.</p><p style="margin:10px 0px 0px 0px;line-height:26.48px;"><span><a href="http://templatetoaster.com" target="_self" class="btn btn-md btn-default">LEARN MORE</a></span></p></div>
<div style="height:0px;width:0px;overflow:hidden;-webkit-margin-top-collapse: separate;"></div>
<div style="clear:both;width:0px;"></div>
</div>
</div>
<div class=" visible-lg-block d-xl-block d-lg-block visible-sm-block d-sm-block visible-xs-block d-block" style="clear: both;width:0px;"></div>
<div class="post_column col-xl-4 col-lg-4 col-md-6 col-sm-12 col-xs-12 col-12">
<div class="ttr_services_html_column04">
<div style="height:0px;width:0px;overflow:hidden;-webkit-margin-top-collapse: separate;"></div>
<div class="html_content"><p style="margin:2px 0px 0px 0px;line-height:20.88px;"><span class="ttr_image" style="float:Left;overflow:hidden;margin:0px 0px 20px 0px;"><span><img class="ttr_uniform" style="max-height:300px;max-width:450px;" src="<?php echo $template_path; ?>/images/Image-9.jpg" alt="pet" /></span></span><span style="font-weight:700;font-size:1.429em;">Animal Dental Care</span></p><p style="margin:10px 0px 0px 0px;line-height:26.48px;">Lorem ipsum dolor sit amet, test link adipiscing elit. Nullam dignissim convallis est.Quisque aliquam. Donec faucibus. Nunc iaculis suscipit dui.Nam sit amet sem liquam libero nisi.</p><p style="margin:10px 0px 0px 0px;line-height:26.48px;"><span><a href="http://templatetoaster.com" target="_self" class="btn btn-md btn-default">LEARN MORE</a></span></p></div>
<div style="height:0px;width:0px;overflow:hidden;-webkit-margin-top-collapse: separate;"></div>
<div style="clear:both;width:0px;"></div>
</div>
</div>
<div class=" visible-md-block d-md-block visible-sm-block d-sm-block visible-xs-block d-block" style="clear: both;width:0px;"></div>
<div class="post_column col-xl-4 col-lg-4 col-md-6 col-sm-12 col-xs-12 col-12">
<div class="ttr_services_html_column05">
<div style="height:0px;width:0px;overflow:hidden;-webkit-margin-top-collapse: separate;"></div>
<div class="html_content"><p style="margin:2px 0px 0px 0px;line-height:20.88px;"><span class="ttr_image" style="float:Left;overflow:hidden;margin:0px 0px 20px 0px;"><span><img class="ttr_uniform" style="max-height:300px;max-width:450px;" src="<?php echo $template_path; ?>/images/Image-10.jpg" alt="pet" /></span></span><span style="font-weight:700;font-size:1.429em;">Animal Surgeries</span></p><p style="margin:10px 0px 0px 0px;line-height:26.48px;">Lorem ipsum dolor sit amet, test link adipiscing elit. Nullam dignissim convallis est.Quisque aliquam. Donec faucibus. Nunc iaculis suscipit dui.Nam sit amet sem liquam libero nisi.</p><p style="margin:10px 0px 0px 0px;line-height:26.48px;"><span><a href="http://templatetoaster.com" target="_self" class="btn btn-md btn-default">LEARN MORE</a></span></p></div>
<div style="height:0px;width:0px;overflow:hidden;-webkit-margin-top-collapse: separate;"></div>
<div style="clear:both;width:0px;"></div>
</div>
</div>
<div class=" visible-sm-block d-sm-block visible-xs-block d-block" style="clear: both;width:0px;"></div>
<div class="post_column col-xl-4 col-lg-4 col-md-6 col-sm-12 col-xs-12 col-12">
<div class="ttr_services_html_column06">
<div style="height:0px;width:0px;overflow:hidden;-webkit-margin-top-collapse: separate;"></div>
<div class="html_content"><p style="margin:2px 0px 0px 0px;line-height:20.88px;"><span class="ttr_image" style="float:Left;overflow:hidden;margin:0px 0px 20px 0px;"><span><img class="ttr_uniform" style="max-height:300px;max-width:450px;" src="<?php echo $template_path; ?>/images/Image-111.jpg" alt="pet" /></span></span><span style="font-weight:700;font-size:1.429em;">Nutritional Counseling</span></p><p style="margin:10px 0px 0px 0px;line-height:26.48px;">Lorem ipsum dolor sit amet, test link adipiscing elit. Nullam dignissim convallis est.Quisque aliquam. Donec faucibus. Nunc iaculis suscipit dui.Nam sit amet sem liquam libero nisi.</p><p style="margin:10px 0px 0px 0px;line-height:26.48px;"><span><a href="http://templatetoaster.com" target="_self" class="btn btn-md btn-default">LEARN MORE</a></span></p></div>
<div style="height:0px;width:0px;overflow:hidden;-webkit-margin-top-collapse: separate;"></div>
<div style="clear:both;width:0px;"></div>
</div>
</div>
<div class=" visible-lg-block d-xl-block d-lg-block visible-md-block d-md-block visible-sm-block d-sm-block visible-xs-block d-block" style="clear: both;width:0px;"></div>
</div>
]]></introtext>
    </content>
  </pages>
  <sidebars />
  <footers>
    <footer name="abc0">
      <block name="footercellcolumn0" tt_blockID="footer_cell0" title="footertext1">
        <content><![CDATA[<div class="html_content"><p style="margin:0px 0px 0px 0px;line-height:20.88px;"><span style="font-weight:600;font-size:1.143em;color:rgba(255,255,255,1);">About us</span></p><p style="margin:20px 0px 0px 0px;line-height:26.48px;"><span style="color:rgba(225,225,225,1);">Lorem ipsum dolor sit amet, test link adipiscing elit.Nullam dignissim convallis est.Quisque aliquam. Donec faucibus. Nunc iaculis suscipit dui.Nam sit amet sem. Donec faucibus. Nunc iaculis suscipit dui. Nam sit amet sem.</span></p></div>]]></content>
        <widget_pages>
          <widget_page>home</widget_page>
          <widget_page>about-us</widget_page>
          <widget_page>contact</widget_page>
          <widget_page>services</widget_page>
        </widget_pages>
      </block>
    </footer>
    <footer name="abc1">
      <block name="footercellcolumn1" tt_blockID="footer_cell1" title="footertext2">
        <content><![CDATA[<div class="html_content"><p style="margin:0px 0px 0px 0px;line-height:20.88px;"><span style="font-weight:600;font-size:1.143em;color:rgba(255,255,255,1);">Services</span></p><p style="margin:20px 0px 5px 0px;line-height:27.6px;"><span style="color:rgba(225,225,225,1);">Pet Grooming</span></p><p style="margin:0px 0px 0px 0px;line-height:27.6px;"><span style="color:rgba(225,225,225,1);">Pet Hotel</span></p><p style="line-height:27.6px;"><span style="color:rgba(225,225,225,1);">Vaccination</span></p><p style="margin:0px 0px 0px 0px;line-height:27.6px;"><span style="color:rgba(225,225,225,1);">Pet Care</span></p><p style="margin:0px 0px 0px 0px;line-height:27.6px;"><span style="color:rgba(225,225,225,1);">Pet Barber</span></p></div>]]></content>
        <widget_pages>
          <widget_page>home</widget_page>
          <widget_page>about-us</widget_page>
          <widget_page>contact</widget_page>
          <widget_page>services</widget_page>
        </widget_pages>
      </block>
    </footer>
    <footer name="abc2">
      <block name="footercellcolumn2" tt_blockID="footer_cell2" title="footertext3">
        <content><![CDATA[<div class="html_content"><p style="margin:0px 0px 0px 0px;line-height:20.88px;"><span style="font-weight:600;font-size:1.143em;color:rgba(255,255,255,1);">Pages</span></p><p style="margin:20px 0px 5px 0px;line-height:27.6px;"><span style="color:rgba(225,225,225,1);">Home</span></p><p style="margin:0px 0px 0px 0px;line-height:27.6px;"><span style="color:rgba(225,225,225,1);">About</span></p><p style="margin:0px 0px 0px 0px;line-height:27.6px;"><span style="color:rgba(225,225,225,1);">Service</span></p><p style="margin:0px 0px 0px 0px;line-height:27.6px;"><span style="color:rgba(225,225,225,1);">Contact</span></p><p style="margin:0px 0px 0px 0px;line-height:27.6px;"><span style="color:rgba(225,225,225,1);">Blog</span></p></div>]]></content>
        <widget_pages>
          <widget_page>home</widget_page>
          <widget_page>about-us</widget_page>
          <widget_page>contact</widget_page>
          <widget_page>services</widget_page>
        </widget_pages>
      </block>
    </footer>
    <footer name="abc3">
      <block name="footercellcolumn3" tt_blockID="footer_cell3" title="footertext4">
        <content><![CDATA[<div class="html_content"><p style="margin:5px 0px 5px 0px;"><span style="font-weight:600;font-size:1.143em;color:rgba(255,255,255,1);">Contact Us</span></p><p style="margin:20px 0px 0px 0px;line-height:23.4px;"><span style="color:rgba(225,225,225,1);">123 ABC Ave Street View #456 XYZ</span></p><p style="margin:2px 0px 0px 0px;line-height:23.4px;"><span style="color:rgba(225,225,225,1);">New York City,</span></p><p style="margin:2px 0px 0px 0px;line-height:23.4px;"><span style="color:rgba(225,225,225,1);">NY 100005, USA</span></p><p style="margin:2px 0px 0px 0px;line-height:23.4px;"><span style="font-weight:600;color:rgba(225,225,225,1);">PHONES: </span><span style="color:rgba(225,225,225,1);"> (800) 123-4567-890; (800) 123-0046-7890</span></p><p style="margin:2px 0px 0px 0px;line-height:23.4px;"><span style="font-weight:600;color:rgba(225,225,225,1);">WE ARE OPEN:&nbsp;&nbsp;</span><span style="color:rgba(225,225,225,1);">Mon-Fri: 10 am - 8 pm</span></p></div>]]></content>
        <widget_pages>
          <widget_page>home</widget_page>
          <widget_page>about-us</widget_page>
          <widget_page>contact</widget_page>
          <widget_page>services</widget_page>
        </widget_pages>
      </block>
    </footer>
  </footers>
  <Shapes>
    <headershapes />
    <slideshowshapes>
      <slideshow name="slideshowshape01">
        <block name="slideshowshape01" tt_blockID="slideshow_cell000" title="slideshowshape001">
          <content><![CDATA[<div class="html_content"><p style="margin:20px 0px 5px 0px;text-align:Center;"><span style="font-weight:700;font-size:3.429em;color:rgba(247,148,29,1);">We Provide The Best Care For Your Pets</span></p></div>]]></content>
          <widget_pages>
            <widget_page>home</widget_page>
            <widget_page>about-us</widget_page>
            <widget_page>contact</widget_page>
            <widget_page>services</widget_page>
            <widget_page>blog</widget_page>
          </widget_pages>
        </block>
      </slideshow>
      <slideshow name="slideshowshape11">
        <block name="slideshowshape11" tt_blockID="slideshow_cell100" title="slideshowshape011">
          <content><![CDATA[<div class="html_content"><p style="margin:20px 0px 5px 0px;text-align:Center;"><span style="font-weight:700;font-size:3.429em;color:rgba(247,148,29,1);">We Provide The Best Care For Your Pets</span></p></div>]]></content>
          <widget_pages>
            <widget_page>home</widget_page>
            <widget_page>about-us</widget_page>
            <widget_page>contact</widget_page>
            <widget_page>services</widget_page>
            <widget_page>blog</widget_page>
          </widget_pages>
        </block>
      </slideshow>
      <slideshow name="slideshowshape21">
        <block name="slideshowshape21" tt_blockID="slideshow_cell200" title="slideshowshape021">
          <content><![CDATA[<div class="html_content"><p style="margin:20px 0px 5px 0px;text-align:Center;"><span style="font-weight:700;font-size:3.429em;color:rgba(247,148,29,1);">We Provide The Best Care For Your Pets</span></p></div>]]></content>
          <widget_pages>
            <widget_page>home</widget_page>
            <widget_page>about-us</widget_page>
            <widget_page>contact</widget_page>
            <widget_page>services</widget_page>
            <widget_page>blog</widget_page>
          </widget_pages>
        </block>
      </slideshow>
    </slideshowshapes>
    <menushapes />
    <footershapes />
  </Shapes>
</sitecontent>